source;ug_serv1_ac-load;ug_serv2_ac-load;ug_dc-load;ugs_dc-load;ugs_bess;ugs_1_pv;ugs_2_pv;rs_1_ac-load;rs_2_ac-load;ev-charge_ac-load;ev-fast_bess;ev-fast_pv;ev-fast_dc-load;user_ac-load;pros_1_ac-load;pros_bess;pros_dc-micro-wind;pros_pv;pros_dc-load;wpg_1_wind;wpg_2_wind;wpg_bess;wpg_pv
-420.4363623069663;40.00010698961404;60.00016048442107;4.000003447767122;4.000003447767121;10.000008619417805;0.0;0.0;20.000079729600262;30.00011959440039;20.00022586993147;-10.000107462484603;0.0;1.00001074624846;100.00187253929747;75.0003431495359;50.000568213873976;-3.000034092832438;0.0;0.6000068185664881;-41.99998661374421;-41.99998496495206;99.99999134671667;0.0
-418.5321830059785;39.600038136970284;59.40005720545541;4.00000122909786;4.00000122909786;10.000003072744649;0.0;0.0;19.80002458133061;29.700036871995916;19.800066198782783;-10.000031675074244;0.0;1.0000031675074244;99.00048853237462;74.25010445229051;50.00016681533798;-2.944454268014348;0.0;0.6000020017840557;-41.22223749423189;-41.22223946541011;100.00002360895571;0.0
-416.63688546464573;39.20003725027174;58.80005587540762;4.0000012116366355;4.000001211636635;10.000003029091587;0.0;0.0;19.600023619370837;29.40003542905626;19.60006305216123;-10.000030499075075;0.0;1.0000030499075074;98.0004703670222;73.50010040546897;50.00016069959362;-2.8888981737542974;0.0;0.6000019283951236;-40.444459099666865;-40.44446099050821;100.00002287960474;0.0
-414.7441221228335;38.8000364452747;58.20005466791203;4.000001201290901;4.000001201290901;10.000003003227253;0.0;0.0;19.40002363341138;29.10003545011707;19.400063586893097;-10.000031054509826;0.0;1.0000031054509826;97.00046740175618;72.75010043862609;50.00016355827894;-2.8333426016358056;0.0;0.6000019626993471;-39.66668070460513;-39.66668252163824;100.00002226064032;0.0
-412.8534067748283;38.40003561354999;57.60005342032498;4.00000118461688;4.000001184616881;10.000002961542203;0.0;0.0;19.20002265209422;28.80003397814132;19.200060299507694;-10.000029783869849;0.0;1.000002978386985;96.00044989413259;72.00009632663233;50.000156967220946;-2.7777864981789415;0.0;0.6000018836066515;-38.88890233521262;-38.888904074614295;100.0000215253844;0.0
-410.95534811930884;38.000034838136195;57.00005225720429;4.000001175810052;4.000001175810052;10.000002939525132;0.0;0.0;19.000022931351737;28.500034397027605;19.00006172348879;-10.000030777416793;0.0;1.000003077741679;95.0004503035566;71.25009746181257;50.000162096760135;-2.7222310474902742;0.0;0.6000019451611218;-38.11112396394239;-38.11112563378173;100.00002093527883;0.0
-409.078966502104;37.60003402602335;56.40005103903504;4.000001159034879;4.000001159034878;10.000002897587196;0.0;0.0;18.800021871554783;28.20003280733217;18.80005839725369;-10.00002945568073;0.0;1.0000029455680726;94.00043311391269;70.50009303921544;50.00015524095687;-2.6666749461843664;0.0;0.6000018628914826;-37.333345617184065;-37.333347212633626;100.00002019325098;0.0
-407.1841816224621;37.200033253930094;55.80004988089516;4.00000114717343;4.00000114717343;10.000002867933574;0.0;0.0;18.60002172898586;27.900032593478794;18.60005801214772;-10.000029569709655;0.0;1.0000029569709654;93.00042647559697;69.75009239899975;50.0001558133244;-2.611119248029163;0.0;0.6000018697598928;-36.555567278979005;-36.55556880531931;100.00001954786597;0.0
-405.2856831649949;36.800032481198784;55.200048721798154;4.000001133503293;4.000001133503293;10.000002833758234;0.0;0.0;18.40002125281572;27.600031879223575;18.400056557382317;-10.000029148122652;0.0;1.000002914812265;92.00041611102318;69.00009038432019;50.000153615069664;-2.555563406992449;0.0;0.6000018433808361;-35.777788954891264;-35.777790412330624;100.00001886596698;0.0
-403.40003458140563;36.40003172333223;54.600047584998336;4.000001120810536;4.000001120810536;10.00000280202634;0.0;0.0;18.2000208600229;27.300031290034347;18.20005564971399;-10.000028993304637;0.0;1.0000028993304637;91.00040814419484;68.25008873300551;50.00015279906749;-2.5000076399533744;0.0;0.60000183358881;-35.000010639621244;-35.00001203059812;100.00001819859847;0.0
-401.5050164330012;36.000030977038975;54.000046465558455;4.000001108232193;4.000001108232193;10.000002770580485;0.0;0.0;18.000020564897223;27.000030847345833;18.000054822300772;-10.000028878995039;0.0;1.0000028878995038;90.0004002249886;67.50008747245376;50.00015219387737;-2.444451885034005;0.0;0.6000018263265285;-34.222232339686315;-34.222233665683774;100.00001753662006;0.0
-399.6294782368401;35.600030226328656;53.40004533949299;4.000001093154342;4.000001093154342;10.000002732885854;0.0;0.0;17.800019811255808;26.700029716883712;17.800052577052504;-10.000028023659542;0.0;1.000002802365954;89.00038743024133;66.75008432039913;50.00014775164978;-2.3888959481343783;0.0;0.6000017730197974;-33.44445405346314;-33.444455314331336;100.00001682263591;0.0
-397.7401057056537;35.200029502242714;52.80004425336408;4.000001080926824;4.000001080926824;10.000002702317058;0.0;0.0;17.600019593182104;26.400029389773156;17.600051959022466;-10.000028005696835;0.0;1.0000028005696835;88.00038029285732;66.00008337123316;50.00014764128331;-2.3333402232598877;0.0;0.6000017716953997;-32.6666757790298;-32.666676978253605;100.00001616667208;0.0
-395.85469315687374;34.80002878557747;52.2000431783662;4.000001068372912;4.000001068372912;10.00000267093228;0.0;0.0;17.400019256148518;26.10002888422278;17.4000511344534;-10.000027876452377;0.0;1.0000027876452373;87.00037275606988;65.25008194719311;50.000146959119185;-2.2777844725820966;0.0;0.6000017635094301;-31.88889751581711;-31.88889865481528;100.00001550094149;0.0
-393.97362166521077;34.40002807127955;51.60004210691933;4.000001054341726;4.000001054341727;10.000002635854317;0.0;0.0;17.200018720695688;25.800028081043536;17.20004951578111;-10.000027317518224;0.0;1.0000027317518223;86.00036226289117;64.50007968981349;50.00014404877068;-2.2222286243898073;0.0;0.6000017285852481;-31.111119267863316;-31.111120347123695;100.00001480692008;0.0
-392.08799738579364;34.00002737939349;51.00004106909023;4.000001042702427;4.000001042702427;10.000002606756066;0.0;0.0;17.000018543295162;25.500027814942744;17.000049189431266;-10.000027448577303;0.0;1.00000274485773;85.00035655138375;63.75007892276055;50.000144712594214;-2.1666729375457496;0.0;0.6000017365511305;-30.333341029865494;-30.333342052582346;100.00001415853151;0.0
-390.20205997650305;33.600026682858314;50.40004002428748;4.000001028207411;4.000001028207412;10.000002570518529;0.0;0.0;16.80001797173255;25.20002695759883;16.800047345300122;-10.000026748807194;0.0;1.0000026748807196;84.00034530960615;63.00007651170574;50.000141074730955;-2.1111170675997517;0.0;0.6000016928967715;-29.55556280882535;-29.555563774586503;100.00001345534167;0.0
-388.3245474016254;33.200026002897495;49.80003900434626;4.00000101511364;4.000001015113639;10.0000025377841;0.0;0.0;16.6000175602546;24.900026340381906;16.600046244901506;-10.000026444122915;0.0;1.0000026444122911;83.00033697639684;62.250074774136415;50.000139480146075;-2.0555612897393387;0.0;0.6000016737617528;-28.777784597464954;-28.777785508854837;100.00001277615056;0.0
-386.4304748936795;32.80002534545983;49.200038018189744;4.00000100449359;4.00000100449359;10.000002511233976;0.0;0.0;16.40001754105315;24.600026311579715;16.400046428271118;-10.00002685889746;0.0;1.0000026858897457;82.00033326385272;61.50007467033298;50.00014162035525;-2.0000056648142097;0.0;0.6000016994442631;-28.00000639779322;-28.000007257866297;100.00001214730534;0.0
-381.49584150511237;32.400024933712665;48.600037400568986;4.000000989483187;4.000000989483186;10.000002473707966;0.0;0.0;16.200017593597803;24.300026390396702;16.20004555853763;-10.000026696143804;0.0;1.0000026696143802;81.00032538040159;60.750074790795914;50.00014078071192;-2.050005772009189;0.0;0.6000016893685429;-28.699994327666076;-28.69999363987601;99.9999946231459;0.0
-376.55167945502006;32.00002428149742;48.000036422246126;4.0000009773241265;4.000000977324127;10.000002443310319;0.0;0.0;16.000017342466258;24.00002601369939;16.000044951429125;-10.000026665921188;0.0;1.0000026665921187;80.00031891653914;60.00007371977627;50.00014061064559;-2.1000059056471145;0.0;0.6000016873277471;-29.399993981785876;-29.399993252934884;99.99999407062803;0.0
-386.68121497514994;32.4999628037753;48.74994420566294;6.999997339861239;6.999997339861238;9.999996199801767;0.0;0.0;16.249971925284775;24.374957887927163;16.249932884906567;-9.999960818624366;0.0;1.7499931432592641;81.24957058336489;60.93738200400875;49.99979401245588;-2.149991142535603;0.0;1.0499956742615733;-30.09999281120775;-30.099991881483184;99.99998495915821;0.0
-396.81640106426573;32.99996159338422;49.499942390076335;9.999996121896444;9.999996121896444;9.999996121896444;0.0;0.0;16.499971268512034;24.74995690276805;16.49993093806797;-9.999960291377013;0.0;2.4999900728442532;82.49955795680879;61.87487922922915;49.99979128897293;-2.1999908167148083;0.0;1.4999937386691875;-30.799992437956206;-30.799991460276452;99.9999843784164;0.0
-459.8629700751362;33.49991460056559;50.24987190084838;34.99996499212415;34.99996499212415;9.999989997749758;0.0;0.0;16.74991960486316;25.12487940729474;16.74984148344045;-9.999910320730798;0.0;8.749921530639446;83.74936206593286;62.81217085911781;49.99953344995436;-2.2499790052479463;0.0;5.249951012245209;-31.499989868333067;-31.499988785813137;99.99997250176;0.0
-522.9303420887475;33.99991409036178;50.999871135542676;59.99993423781365;59.99993423781365;9.999989039635608;0.0;0.0;16.999918550169298;25.499877825253947;16.99983353948293;-9.999907143435403;0.0;14.999860715153105;84.99935261321161;63.74966630859687;49.99951763417054;-2.2999778111718454;0.0;8.999913174150697;-32.19998959537324;-32.19998842887926;99.99997153022333;0.0
-579.0447305344198;33.699970842351725;50.549956263527605;84.99994697206887;84.99994697206887;9.999993761419866;0.0;0.0;16.849955578914617;25.274933368371933;16.84993614759901;-9.999964150188662;0.0;21.2499238191509;84.25005510222742;63.18732419892951;49.999817533020625;-2.3499914240519697;0.0;12.749953470920264;-32.899989713200995;-32.899988647541335;99.99997754739182;0.0
-635.1671936238333;33.39997349746644;50.09996024619964;109.99992332593679;109.99992332593679;9.999993029630614;0.0;0.0;16.699956493961977;25.04993474094296;16.699935328922898;-9.999963314825818;0.0;27.499899115770997;83.50005746199433;62.62482773133988;49.99981344646146;-2.39999104543015;0.0;16.499938437332283;-33.59998941687097;-33.59998827695625;99.9999767861565;0.0
-602.2111415033461;33.10004151712181;49.650062275682714;98.00006096786689;98.00006096786692;10.000006221210908;0.0;0.0;16.550039870751274;24.825059806126916;16.55008724832228;-10.000050098899647;0.0;24.500122742304136;82.75033972020032;62.06266404366839;50.000260042099214;-2.450012742062861;0.0;14.700076452377171;-34.29999231371035;-34.29999132344551;99.99999616075168;0.0
-681.6681937379117;32.79995942908205;49.19993914362307;133.9998446123967;133.99984461239669;9.999988403910201;-0.3149996347231714;-0.3149996347231714;16.399944848544504;24.599917272816754;16.399908649015295;-9.999947196808185;-0.6299966733989157;33.49982310930742;82.00001412728864;61.49978007079753;49.999730748931924;-2.4999865374465964;-1.0499943457275707;20.099891761070637;-34.99999014091298;-34.99998874603868;99.99997719791565;-0.8399998084624918
-692.1567683150246;34.933189643606504;52.39978446540976;129.9998152056712;129.9998152056712;9.999985785051631;-0.23999965884123914;-0.23999965884123914;17.466578230782506;26.199867346173757;17.46637875645293;-9.999842981293842;-0.4799924631021044;32.499489689204985;87.33144177760967;65.49961781830723;49.99917682451719;-2.474959252813601;-0.7999868291922747;19.499678961561695;-34.65000345666093;-34.650003508719706;99.99998794195135;-0.6399999228284885
-734.5605305469445;37.066472932767965;55.59970939915196;139.99970753946246;139.99970753946246;9.999979109961604;-0.34499927929367535;-0.34499927929367535;18.533205222652256;27.79980783397839;18.532951011575058;-9.999803735967902;-0.6899864577817851;34.99931307588764;92.66442885254443;69.49945500627501;49.99897483787258;-2.449949767055757;-1.1499764212710688;20.999569431906473;-34.30000346584586;-34.300003339643276;99.99998316493776;-0.9199998451174274
-899.825633613095;39.19966975666044;58.799504634990654;199.99901659617618;199.99901659617618;9.999950829808807;-0.2249988936706982;-0.2249988936706982;19.599713611496497;29.399570417244746;19.59925177547619;-9.999636904232197;-0.4499836606904487;49.99818452116099;97.99705244707634;73.49881341853968;49.998121863742625;-2.424908910391518;-0.7499718279561391;29.998873118245562;-33.949998385213306;-33.94999763222729;99.99994457770168;-0.5999996674662101
-825.3212379223522;41.33320417292461;61.99980625938692;169.99994131924365;169.99994131924365;9.999996548190804;-2.3699991819212185;-2.3699991819212185;20.666697739546205;31.000046609319313;20.6665873585678;-9.999962336485094;-4.739982147493935;42.49983993006165;103.33119635844847;77.50009534527183;49.999788319722825;-2.399989839346695;-7.899966554516195;25.4998920430586;-33.60001960580961;-33.60001947507297;100.0000506882514;-6.320003203497487
-814.1538807176801;43.46646079128542;65.19969118692812;157.99977704950837;157.99977704950837;9.99998588920939;-2.53499642291458;-2.53499642291458;21.733242089168094;32.599863133752145;21.73297700713793;-9.999843987668896;-5.06992090174813;39.49938375129213;108.66384853552822;81.4995942900035;49.99917906019019;-2.374961005359034;-8.449861261172137;23.69961087453013;-33.25000504116742;-33.25000498877032;99.99999421645546;-6.7599996090323895
-786.3216861104945;45.59981365420741;68.3997204813111;132.99986468310368;132.99986468310368;9.99998982579727;-1.2449987333117596;-1.2449987333117596;22.799872063934828;34.19980809590224;22.799565486542257;-9.999818781054291;-2.4899548764825186;33.249397447005514;113.99677091053604;85.49944347929181;49.99904776493976;-2.349955244952168;-4.149920964489996;19.94962005821095;-32.89999583942209;-32.89999604851378;99.9999657699334;-3.319998863561789
-718.7997484084603;47.73314807697964;71.59972211546946;107.99990130024733;107.99990130024732;9.999990861134012;-3.89999643584226;-3.89999643584226;23.866690290345126;35.80003543551769;23.866553237965018;-9.999952986210872;-7.7999633292444805;26.999873062769353;119.33041304032159;89.50005906157372;49.99973779193791;-2.3249878073251122;-12.999931825903833;16.199915044587858;-32.550020881365676;-32.55002055727393;100.00005411619108;-10.400005628083871
-695.4190468767558;49.86637673225306;74.79956509837959;101.99982041221634;101.99982041221632;9.999982393354543;-6.719988168334248;-6.719988168334248;24.93328619670268;37.39992929505402;24.933074918231554;-9.999900237056554;-13.439865918604006;25.49974560449421;124.66318437303974;93.49977223880079;49.99946625695148;-2.2999754478197683;-22.399760883114226;15.299836674627127;-32.20001839096723;-32.2000179128662;100.00004146427585;-17.92000743039823
-745.4635225408092;51.99959223653118;77.99938835479676;108.99971133730682;108.99971133730682;9.999973517184115;-5.354985818452096;-5.354985818452096;25.999749463659704;38.99962419548956;25.999234653969474;-9.999723068314708;-10.709703406165051;27.24924536115757;129.99534812000437;97.4989287126806;49.99855159592074;-2.274934097614394;-17.849482919743696;16.349526371866073;-31.849994183896214;-31.849994083757885;99.99994836350177;-14.27999262630805
-754.7872013690946;54.132915585564504;81.19937337834675;115.99971490567201;115.999714905672;9.999975422902759;-8.039980240013826;-8.039980240013826;27.066566282825544;40.599849424238315;27.06625102426679;-9.999853783761539;-16.079764884288558;28.999575972908463;135.32900898265217;101.49954588008742;49.999225240803746;-2.2499651358361685;-26.799584729070773;17.39973038379968;-31.500015699721107;-31.500015111502314;100.00002856098412;-21.440006123474998
-789.2897199146751;56.2662613318311;84.39939199774663;105.999752992335;105.99975299233502;9.999976697390096;-4.154990317765584;-4.154990317765584;28.13294784667154;42.199421770007305;28.132274876279958;-9.999646007105218;-8.309705831904436;26.49906191882883;140.66080901147575;105.49837998745497;49.99815407788897;-2.2249178564660586;-13.849488679575236;15.899412996768682;-31.14997940502711;-31.14997962413424;99.99989674034478;-11.0799885588302
-738.0401288551541;58.3996277728603;87.59944165929045;95.99982368299355;95.99982368299355;9.999981633645161;-8.789983855974082;-8.789983855974082;29.199996283462035;43.79999442519305;29.199853444827;-9.999948102209324;-17.57990876368399;23.999875445302372;145.9955089371477;109.49994912216314;49.99971041555017;-2.1999872582842066;-29.299830303512323;14.39991659967841;-30.800024815078267;-30.8000241302407;100.00007033622506;-23.440016486811153
-753.5677422229115;58.20000293469811;87.30000440204718;101.99999810969823;101.99999810969825;9.999999814676299;-8.534999841826224;-8.534999841826224;29.099992174942003;43.64998826241301;29.099990889416688;-9.999997684653446;-17.06999604770343;25.499994095866285;145.50036921215113;109.12497064921043;49.99999016310921;-2.1916662354829537;-28.44999440280914;15.29999698991142;-30.683333204162178;-30.683333407504854;99.99999699861107;-22.75999931688387
-727.4754977097211;58.000089985747906;87.00013497862187;96.00005033012957;96.00005033012957;10.00000524272183;-9.540005001556619;-9.540005001556619;29.000065931555586;43.50009889733339;29.00020909667991;-10.000066442940899;-19.080126773131237;24.00015946305816;145.00076512396674;108.75028293312886;50.00034552350604;-2.1833484211930965;-31.800219752949815;14.400099510769728;-30.566672917093587;-30.566673078123124;100.00002577854505;-25.44000655806186
-668.1573271716071;57.80019888018062;86.70029832027092;72.00007558022935;72.00007558022935;10.000010497254078;-9.540010014380362;-9.540010014380362;28.9000772252912;43.35011583793679;28.900239191379196;-10.0000759040103;-19.080144824851654;18.00013662721854;144.50083128449296;108.37533023790098;50.000394400851384;-2.175017156437035;-31.80025083894145;10.800085190583887;-30.450002511455224;-30.450002875616764;100.00001553080013;-25.44000395103555
-673.2686315432621;57.60003820279488;86.40005730419232;72.00001373778649;72.00001373778649;10.000001908025903;-8.880001694327;-8.880001694327;28.799994650475398;43.1999919757131;28.799997300640257;-9.999999693819259;-17.759999456223007;17.999999448874668;144.0003764856753;107.99998053935202;50.00000029246574;-2.166666679340182;-29.600000173139716;10.800000063172597;-30.33333158139688;-30.333331865088077;99.9999923931909;-23.6799981987076
-669.6924327128896;58.1998563940202;87.2997845910303;75.99994510212032;75.99994510212031;9.99999277659478;-10.739992242062797;-10.739992242062797;29.099990772184164;43.64998615827625;29.0999531690825;-9.999983395977319;-21.479964334559284;18.999968452356907;145.49872476169958;109.12495577923751;49.999908945110725;-2.1583294027972793;-35.79993480469925;11.399979239485235;-30.216675233728854;-30.21667497107903;100.00002485406708;-28.6400071182048
-697.5067164823731;58.79980952925935;88.199714293889;83.9999153200938;83.99991532009382;9.999989919058788;-10.439989475497388;-10.439989475497388;29.39991981664204;44.09987972496306;29.399719176074314;-9.9999112427648;-20.8798146748929;20.999813609806075;146.99828913588723;110.24964864588858;49.99953479157105;-2.1499799960375547;-34.79967621493345;12.599882767475902;-30.099999157680173;-30.099999083984734;99.99998579099078;-27.839996044211823
-690.4793141816506;59.39986170403405;89.09979255605109;85.9999412609562;85.99994126095622;9.999993169878632;-12.164991691157354;-12.164991691157354;29.699985138238894;44.549977707358345;29.69994989429705;-9.99998246299888;-24.329957332476273;21.49996229544759;148.49865820316592;111.37493418967776;49.99990411569572;-2.1416625596223;-40.5499222378292;12.899975261849484;-29.98334080640747;-29.983340573613177;100.0000216461759;-32.44000702201946
-654.1068763153337;59.99993414654167;89.99990121981251;76.9999737802195;76.9999737802195;9.999996594833702;-14.174995173176743;-14.174995173176743;29.999988161509158;44.99998224226374;30.00002663960741;-10.000004837959446;-28.35001371561502;19.25000931307194;149.99872023005386;112.49996218212767;50.00002125835468;-2.133334240356467;-47.2500200891451;11.550004910679913;-29.86667453253736;-29.866674341906695;100.00002721539525;-37.8000102874194
-637.6481714474413;60.59991727867748;90.8998759180162;67.99996908022038;67.99996908022038;9.999995452973584;-14.204993540948951;-14.204993540948951;30.299961417750453;45.449942126625665;30.299867511789067;-9.999958100744113;-28.40988096421402;16.99992877126499;151.49845500111053;113.624829495957;49.99977710329256;-2.124990526889933;-47.34978891681801;10.199954529071675;-29.75000110264639;-29.750001106859372;99.9999985918287;-37.87999946658471
-694.1712311278295;61.199795039844226;91.79969255976634;69.99992299664578;69.99992299664576;9.999988999520824;-9.614989423039281;-9.614989423039281;30.599759933096593;45.89963989964489;30.599278527046344;-9.99978302388507;-19.229582754930988;17.499620291798873;152.99731160364263;114.7489758439931;49.998870861295146;-2.116618866461494;-32.04927622209023;10.499762880871994;-29.633313241239225;-29.633313606554808;99.99990939767335;-25.639976769563447
-694.5305580572652;61.79981587775327;92.69972381662988;76.99993430817109;76.99993430817109;9.999991468593649;-11.80498992867481;-11.80498992867481;30.899988997961067;46.34998349694159;30.899953905881013;-9.999984234020692;-23.60996277652285;19.24996965048983;154.49856098049287;115.87494899054938;49.999913032761796;-2.1083296662147886;-39.34993155678348;11.54997991056796;-29.516675815991817;-29.51667550614058;100.00002743781319;-31.480008637423587
-748.1783429783729;62.39976061409842;93.59964092114761;83.9998950081449;83.9998950081449;9.999987500969633;-8.69998912584359;-8.69998912584359;31.199772708824952;46.799659063237414;31.199346554956207;-9.999806307441435;-17.399662974948093;20.999593245627008;155.99738894391055;116.99903969082996;49.998993243779594;-2.099957716238743;-28.999416081392198;12.599746297432471;-29.399985665459035;-29.39998582896223;99.9999308939233;-23.19998396739021
-870.7791124659243;62.39958963274776;93.59938444912164;139.99964039081667;139.9996403908167;9.999974313629764;-8.92497707491462;-8.92497707491462;31.199833394329815;46.799750091494715;31.19951177785181;-9.999856612582859;-17.8497440534604;34.999498144040004;155.99916996484555;116.99930561745333;49.999263391698506;-2.4499639061932266;-29.74956171806065;20.999690624513402;-34.29993168072954;-34.29992286675341;99.99986394689927;-23.799967619362018
-796.5775394196783;62.400143112901794;93.6002146693527;124.00010377590499;124.00010377590499;10.000008369024595;-11.460009590902153;-11.460009590902153;31.20011626566135;46.80017439849202;31.20042005960399;-10.000122242577431;-22.92028017998747;31.000378951990044;156.00071449657634;117.00050417455974;50.00063165367185;-2.800035372605624;-38.20048258340525;18.6002349751659;-39.19992127216365;-39.1999099004488;99.99990349491367;-30.55997050804562
-702.6285534380152;62.400177593095236;93.60026638964284;104.00009199973145;104.00009199973141;10.000008846128024;-15.000013269191966;-15.000013269191966;31.200063552613873;46.800095328920804;31.20045942549668;-10.000130675094367;-30.000392025283098;26.00033975524535;156.00069355268963;117.00032522308913;50.000680034826374;-3.1500428421940603;-50.00068003482622;15.600212170865783;-44.0998939149663;-44.099878811388706;99.99987225010827;-39.9999489000433
-803.2206969538414;62.39979421772473;93.59969132658712;123.99983110342876;123.99983110342876;9.999986379308773;-8.789988027412438;-8.789988027412438;31.199679249708414;46.79951887456262;31.19908178948888;-9.999729967697768;-17.57952528321268;30.99916289986309;155.9983809732222;116.99865871978989;49.99860872405861;-3.499902610684103;-29.299184712298413;18.59948244534985;-48.999815545843276;-48.99979987633875;99.99969862556526;-23.43992935783249
-812.2864339777434;62.99977352132851;94.49966028199276;135.99984519928265;135.99984519928265;9.999988617594312;-11.144987314308876;-11.144987314308876;31.49998662716633;47.24997994074948;31.499936609376164;-9.999979648170513;-22.28995463577207;33.99993080377973;157.49848741213867;118.12493631711175;49.99988899887252;-3.5499921189199486;-37.149917526162255;20.399954711539976;-49.699990763107174;-49.699986888643025;99.99999369005513;-29.719998124684384
-780.3126907173801;63.59998462443441;95.39997693665163;115.99999774909699;115.99999774909699;9.999999805956637;-9.914999807605984;-9.914999807605984;31.799945721328886;47.69991858199333;31.799804564959466;-9.999941701949332;-19.82988439496553;28.999830935653065;158.99822294416563;119.2497593281708;49.999691683878055;-3.599977801239219;-33.049796203043385;17.399892705989554;-50.399970651282416;-50.399968272507635;99.9999529838023;-26.439987568917324
-669.3253208943648;64.20015406457004;96.30023109685506;80.00005252633511;80.00005252633508;10.000006565791885;-12.705008341838507;-12.705008341838507;32.10008376209574;48.15012564314361;32.10035210117374;-10.000095646075618;-25.41024303667814;20.000191292151232;160.49914397299352;120.37537108349923;50.000489537657685;-3.650035736249012;-42.35041463839594;12.00011748903781;-51.09999086099059;-51.09998695910103;100.00001259600774;-33.88000426752742
-749.8341554466177;64.79971260978796;97.19956891468192;85.99986832029356;85.99986832029357;9.99998468840623;-6.524990009185071;-6.524990009185071;32.399534012521734;48.59930101878259;32.39883724118499;-9.999667292353562;-13.049565816521397;21.49928467856016;161.99618823537884;121.49807710736293;49.99827962064898;-3.6998726919280243;-21.749251634982333;12.899556142127452;-51.799929105191126;-51.79992829034022;99.99984722974168;-17.399973417975055
-744.993002322381;65.39974725632952;98.09962088449426;97.99987978598597;97.99987978598597;9.999987733263875;-8.399989695941665;-8.399989695941665;32.69998187431571;49.049972811473566;32.69989878822968;-9.999969897800192;-16.79994942830432;24.499926249610464;163.49834816981033;122.62491157921312;49.99983826386391;-4.3999857672200235;-27.999909427763768;14.699952449575978;-61.59954659399503;-61.599488527369544;99.99951015027094;-22.399890273660695
-726.1827592391593;65.99981910806797;98.99972866210197;99.99991051198433;99.99991051198433;9.999991051198434;-9.26999170446095;-9.26999170446095;32.99996801669923;49.49995202504885;32.99986731239281;-9.999961265566142;-18.53992818635963;24.999903163915363;164.9982656872528;123.74985411117771;49.99979344566863;-5.0999789314582;-30.899872349423198;14.999938033700582;-71.39937257656204;-71.39929449486434;99.99939229523926;-24.719849775383146
-687.6749057608877;66.5998872193724;99.8998308290586;93.99994503455514;93.99994503455513;9.999994152612249;-10.184994044435568;-10.184994044435568;33.299991105211724;49.94998665781759;33.299943479669096;-9.999982263682659;-20.36996387112158;23.49995831965425;166.49836822808174;124.87495200851578;49.99990154267306;-5.799988578950076;-33.94993314747499;14.099972235033793;-81.19918095056966;-81.19907897965987;99.9992895556417;-27.159807043312277
-681.9653681381141;67.19986212760689;100.79979319141034;85.9999324739563;85.9999324739563;9.999992148134453;-7.364994217101021;-7.364994217101021;33.59979987329637;50.39969980994456;33.59944270286779;-9.999845664887584;-14.72977266437941;21.499668179508305;167.99733014034473;125.99916185895944;49.999197776638034;-6.499895710962944;-24.54960610832928;12.899793026372615;-90.99894668213196;-90.99882363287085;99.9991559296389;-19.63983422458108
-751.5137100846564;69.06589691522852;103.59884537284282;99.99965251032698;99.99965251032698;9.999965251032698;-5.729980088841744;-5.729980088841744;34.5328585952629;51.79928789289437;34.53199674637774;-9.999637555460627;-11.459584638557878;24.999093888651565;172.65880973936578;129.4980090204356;49.998111890784166;-6.399758322020373;-19.099278742279537;14.99943356723524;-89.6001213265843;-89.60013912411722;100.00005310967876;-15.280008115158916
-822.6458086631307;70.93250876446143;106.39876314669213;113.99957950214693;113.99957950214691;9.999963114223416;-3.944985448561143;-3.944985448561143;35.46610188215625;53.1991528232344;35.465160499951125;-9.999601346867586;-7.889685462678526;28.49886383857261;177.32478873488458;132.9976538661198;49.997927459980254;-6.299738859957511;-13.14945492197479;17.099291191313224;-88.20011194021531;-88.20012914972773;100.00004228032759;-10.52000444789046
-872.1871057261617;72.7991410684455;109.19871160266823;129.99952133795793;129.9995213379579;9.999963179842915;-4.7849823815548405;-4.7849823815548405;36.39963407225947;54.59945110838919;36.398890689028136;-9.999712801827103;-9.569725151348537;32.49906660593808;181.99202104260374;136.49844869701212;49.998498515432225;-6.199813815913593;-15.949521026422858;19.49941442101854;-86.80013654400327;-86.80014977879343;100.00008268904608;-12.76001055112228
-921.7013029772058;74.6658719910768;111.99880798661519;131.99955854912494;131.99955854912497;9.99996655675189;-2.279992374939431;-2.279992374939431;37.33267157514306;55.999007362714586;37.33163423376729;-9.99957162938449;-4.559804662999326;32.99858637696881;186.65705915186692;139.99726827805733;49.997775456593175;-6.099728605704367;-7.599661869402153;19.799119080810872;-85.40009194581846;-85.40010859437545;100.00002342755039;-6.080001424395062
-940.6668225306419;76.53251318364038;114.79876977546058;137.99956154679552;137.99956154679555;9.999968228028663;-4.259986465140212;-4.259986465140212;38.26643498086426;57.39965247129639;38.26582771364999;-9.999791775708609;-8.519822592903735;34.4992816261947;191.3252754507584;143.4989806054452;49.99890114998942;-5.8248719839737655;-14.199687926596969;20.699545076095582;-81.55033569364903;-81.55037090927209;100.00026987904225;-11.360030658259197
-924.6426989135387;78.39949036180215;117.59923554270324;113.99979390178046;113.99979390178046;9.999981921208814;-2.5349954170264333;-2.5349954170264333;39.19958505548495;58.79937758322744;39.198789971356724;-9.999708031027978;-5.069851971731184;28.49916788842973;195.99073592412043;146.9982424744203;49.99846983191098;-5.5498301513421175;-8.449741401592943;17.099476682513526;-77.70026553352666;-77.70030093364619;100.0001990843677;-6.760013458103256
-864.1270987196206;79.20006581539339;118.80009872309012;86.0000305727339;86.00003057273389;10.000003554969059;-3.3300011838046917;-3.3300011838046917;39.60015316748834;59.400229751232516;39.600149299960954;-10.000032807875808;-6.660021850045287;21.500070536932984;197.997483447355;148.50056457499636;50.00015155962325;-5.275015989540252;-11.100033646236351;12.900039102382788;-73.85027010697023;-73.85030080851328;100.00025484405847;-8.880022630152391
-893.2349373215683;79.99964472823176;119.99946709234766;81.99988965030083;81.99988965030082;9.999986542719615;-0.9749986879151626;-0.9749986879151626;39.999518052730146;59.999277079095215;39.998913146145654;-9.999744699521113;-1.9499502164066174;20.49947663401828;199.99448636364528;149.99803938121428;49.99867781068818;-4.999867781068816;-3.2499140576947276;12.299674741429275;-70.0002003139528;-70.00022978442739;100.00015422816097;-2.600004009932185
-903.0987835854921;79.60015057365035;119.40022586047554;84.00004939348717;84.00004939348717;10.000005880177046;-1.2000007056212456;-1.2000007056212456;39.800093238213584;59.70013985732038;39.80025982481419;-10.000061749255973;-2.4000148198214335;21.000129673437545;199.00199108646837;149.25039217666455;50.000323359731;-4.625029910775117;-4.00002586877848;12.600081486652215;-64.75027050519134;-64.75030363448934;100.00027857664398;-3.2000089144526074
-879.9259498963188;79.20038217353638;118.80057326030459;70.00010124529196;70.00010124529194;10.000014463613137;-0.8700012583343426;-0.8700012583343426;39.60018520693397;59.400277810400965;39.600430962652034;-10.000102244869861;-1.740017790607356;17.500178928522256;198.0024276849263;148.50075544822747;50.000530022556006;-4.25004505191726;-2.9000307413082496;10.500111304736762;-59.50022326115062;-59.500251424726386;100.00024713144316;-2.3200057334494817
-902.179363474494;78.16033084801802;117.24049627202703;78.00009639700555;78.00009639700555;10.000012358590455;-0.7350009083563984;-0.7350009083563984;39.08013574806981;58.620203622104704;39.08047296539597;-10.00011509351757;-1.4700169187470826;19.50022443235926;195.4046574286179;146.5505967877008;50.00060877634925;-3.8750471801670656;-2.450029830041115;11.700142453665734;-54.25018332190426;-54.250206737269075;100.00021884421871;-1.9600042893466862
-891.5964107227644;77.12053915270677;115.68080872906015;70.00014458217044;70.00014458217044;10.00002065459578;-0.030000061963787336;-0.030000061963787336;38.56022032515984;57.84033048773975;38.56062289441876;-10.000152807623293;-0.06000091684573975;17.500267413340758;192.8049324537335;144.60092900143127;50.000800877161105;-3.5000560614012763;-0.1000016017543223;10.50016818420384;-49.00014361597101;-49.00016282267299;100.00018479962876;-0.08000014783970301
-945.500885769108;76.08007334560428;114.1201100184064;96.00001155476218;96.00001155476218;10.00000120362106;-0.06000000722172637;-0.06000000722172637;38.03998110667689;57.059971660015314;38.04018165322839;-10.000046665143634;-0.12000055998172363;24.000111996344724;190.20378229057332;142.64998358571654;50.00025923494245;-3.4750180168285003;-0.20000103693977;14.400074659663439;-48.650008177558405;-48.65000979666871;100.00001275084557;-0.16000002040135286
-913.0384535859478;75.04054738802138;112.56082108203205;86.0001907996083;86.00019079960832;10.000022186000965;-0.04500009983700434;-0.04500009983700434;37.52032301520805;56.28048452281209;37.520805728298235;-10.000202662592296;-0.09000182396333065;21.500435724573435;187.60516749742675;140.70133415992535;50.00105543285611;-3.450072824867071;-0.15000316629856847;12.900272301676889;-48.30001323100342;-48.30001519538669;100.00003679222829;-0.12000004415067395
-894.9052709140303;74.00045355073038;111.00068032609556;82.00015125066483;82.00015125066483;10.000018445203027;-0.04500008300341362;-0.04500008300341362;37.0002619060821;55.50039285912315;37.000692128240466;-10.00017674059526;-0.09000159066535734;20.500362318220283;185.00482226444026;138.75109168185446;50.00092302542081;-3.425063227241325;-0.15000276907626253;12.300227064253523;-47.95001221084661;-47.9500140866581;100.00003267837349;-0.12000003921404817
-843.0295880169767;72.96061579036606;109.44092368554911;64.00016299989495;64.00016299989497;10.00002546873359;-0.042353049044048144;-0.042353049044048144;36.48038068137828;54.720571022067425;36.48089241360397;-10.000230430339576;-0.08470783423346466;16.00036868854332;182.40521830052938;136.80156008289055;50.0011973930397;-3.4000814227266996;-0.14117985146270048;9.600229899463631;-47.60001428976468;-47.600016222636285;100.00004146492137;-0.11294122330155824
-868.311611214744;71.92020794502741;107.88031191754115;78.0000620105474;78.0000620105474;10.000007950070179;-0.0397059139193963;-0.0397059139193963;35.9600845037707;53.94012675565606;35.960350552003234;-10.00009298344824;-0.07941250310385367;19.500181317724074;179.80381271023685;134.8503863579714;50.000494593657976;-3.3750333850719123;-0.13235425039497709;11.700115734915977;-47.25000896738042;-47.250010611783914;100.00001927662228;-0.10588237335171768
-850.2157548137957;70.88041007124544;106.32061510686819;74.0001294314866;74.0001294314866;10.000017490741433;-0.03705888834804177;-0.03705888834804177;35.44023689271671;53.16035533907508;35.440624413348814;-10.000166514144778;-0.07411888122248482;18.500308051167842;177.20436693783054;132.90098851096312;50.00087011165907;-3.350058297481156;-0.12353156145233424;11.100193164788319;-46.9000115588129;-46.90001332621407;100.00003116339477;-0.09882356020853131
-759.8284546278803;69.840743164202;104.76111474630298;40.000125933548716;40.00012593354873;10.000031483387183;-0.03441187304577353;-0.03441187304577353;34.920485093475676;52.38072764021352;34.921055175704595;-10.000283964668961;-0.06882548375683932;10.000283964668961;174.60537978875317;130.9519707539499;50.00147140078286;-3.32509784815206;-0.11470925791944314;6.000176568093947;-46.55001632488197;-46.55001821658718;100.00005022307106;-0.09176475196940637
-818.8364693269843;68.80003702202245;103.20005553303369;68.00000282068898;68.00000282068896;10.0000004148072;-0.03176470719997582;-0.03176470719997582;34.39996269238968;51.599944038584525;34.40011104773245;-10.000031921531802;-0.06352961456031969;17.000054266604064;172.00298491215793;128.99989916520613;50.00018160106303;-3.3000119856701597;-0.10588273750813354;10.200037046616865;-46.20000628607201;-46.20000774005424;100.00000902258623;-0.08470588999560245
-747.2851310815146;68.80033077838786;103.20049616758179;38.000054489720235;38.00005448972024;10.000014339400066;-0.02911768881178254;-0.02911768881178254;34.40024378983549;51.600365684753235;34.400437608043674;-10.000118804490883;-0.05823598597909396;9.500112864266338;172.00106878150984;129.00096655966342;50.00060800648982;-3.2750398244250825;-0.09706000377730378;5.700069312739839;-45.85001327813931;-45.85001450676311;100.0000301399069;-0.07764708222628063
-781.7477998967719;68.79984799215615;103.19977198823422;51.999964151672934;51.99996415167292;9.999993106090947;-0.02647056998671133;-0.02647056998671133;34.399885989842375;51.59982898476356;34.39979371082998;-9.999943968444601;-0.052940879832942;12.999927158977982;171.99951092358464;128.99954800352845;49.999713379807446;-3.2499813696874833;-0.08823478831730722;7.799955287249961;-45.500006166957455;-45.500007110668456;100.00000131654953;-0.07058823622344673
-768.0471945331084;68.80006512835288;103.20009769252933;46.000013393190244;46.00001339319026;10.000002911563097;-0.023823536348135617;-0.023823536348135617;34.400047655441796;51.60007148316268;34.40008565941575;-10.000023260013526;-0.04764716965065269;11.500026749015555;172.000202549083;129.0001888506921;50.0001189736055;-3.2250076737975544;-0.07941195366396167;6.900016418357558;-45.15000913379051;-45.15001019091896;100.0000142785864;-0.06352942083580783
-701.3433645208514;68.80031169067986;103.2004675360198;18.000022769848908;18.00002276984891;10.000012649916062;-0.021176497376292836;-0.021176497376292836;34.400227638653206;51.60034145797981;34.40040257449952;-10.000109207811608;-0.04235340370367268;4.500049143515223;172.0009971715864;129.0009024088228;50.0005591735338;-3.200035787106164;-0.07058902471557715;2.7000301953708252;-44.80001264208056;-44.80001377372074;100.00002819739906;-0.05647060415853122
-656.1782142843508;63.60005368120441;95.40008052180664;18.00000468263595;18.00000468263595;10.000002601464418;-0.01852941658506642;-0.01852941658506642;31.80003998959505;47.70005998439258;31.80011328487557;-10.000033853927789;-0.03705894898808533;4.500015234267504;159.0009809865539;119.25017085986039;50.00017854098513;-3.1750113373525553;-0.061764926432981655;2.7000096412131978;-44.45000037241332;-44.45000049456556;100.00000372350446;-0.04941176654573161
-577.3834907052981;58.40004352193558;87.60006528290334;4.0000009224631965;4.0000009224631965;10.000002306157992;-0.015882356603897987;-0.015882356603897987;29.200032537570756;43.80004880635613;29.200091617324397;-10.000029783395732;-0.0317648004884335;1.0000029783395732;146.0007747428608;109.50013892737485;50.00015707178652;-3.1500098955225497;-0.052941342781891595;0.6000018848614381;-44.10000029649423;-44.10000040153817;100.00000324491737;-0.042352942550788523
-532.4022975697533;53.20002981626973;79.80004472440461;4.000000705250038;4.000000705250038;10.000001763125098;-0.013235296451194978;-0.013235296451194978;26.600023222909346;39.90003483436403;26.600065774066948;-10.00002350505455;-0.026470650454556155;1.000002350505455;133.00056451617115;99.750099544579;50.000124126082625;-3.125007757880164;-0.0441177565818376;0.6000014895129915;-43.75000021864055;-43.75000029918703;100.00000255146612;-0.03529411854757627
-487.50122736004494;48.000021333105224;72.00003199965785;4.000000567812734;4.000000567812734;10.000001419531833;-0.010588236797151353;-0.010588236797151353;24.000017151084077;36.00002572662611;24.0000486075376;-10.000019258442546;-0.021176511370819513;1.0000019258442545;120.00041183140354;90.00007362690505;50.000101743654895;-3.100006308106604;-0.035294189466109335;0.6000012209238587;-43.400000157423115;-43.400000221239054;100.00000206841268;-0.028235294701669463
-470.7306934191082;46.00026625446685;69.00039938170029;4.00000715840889;4.00000715840889;10.000017896022225;-0.007941190682135295;-0.007941190682135295;23.00016527804131;34.50024791706197;23.00044354533093;-10.000182539713787;-0.015882642857192486;1.0000182539713787;115.00331716026054;86.25070018944376;50.00096038486851;-3.0750590636694133;-0.02647109667434218;0.6000115246184226;-43.05000943586737;-43.05001102083615;100.00003071749055;-0.021176477093115643
-453.95358545462904;44.00024166097111;66.00036249145667;4.000006831522785;4.000006831522786;10.000017078806966;-0.005294126688780154;-0.005294126688780154;22.00015147767638;33.000227216514574;22.000405578591923;-10.000174569472215;-0.010588420132382339;1.0000174569472213;110.00302591462591;82.50064222463985;50.000918780776296;-3.050056045627354;-0.017647383099097518;0.6000110253693159;-42.700009175059485;-42.7000107074883;100.00002968154642;-0.014117651249159483
-437.18104660365265;42.00021827566449;63.000327413496734;4.000006503040918;4.000006503040918;10.000016257602296;-0.002647063127012371;-0.002647063127012371;21.000138564464628;31.500207846696938;21.000370066071714;-10.00016692401162;-0.005294206018594384;1.000016692401162;105.0027484936744;78.75058785518173;50.000878809618925;-3.025053167981945;-0.008823684495815103;0.6000105457154274;-42.350008915803365;-42.35001039681083;100.00002865862245;-0.007058825552373343
